GivenName,Surname,Path,Company,Department,Title,Office,OfficePhone,PostalCode,City,StreetAddress,Description,Manager,Country,DepartmentGroup,BusinessGroup
"Jacques","DAIGLE","OU=Users,OU=Paris,OU=Sites,OU=CORP,DC=corp,DC=priv","Corporate","Direction","Directeur","100","+33 1 42 92 81 01","75008","Paris","55 Rue du Faubourg Saint-Honoré","Corporate User","","FR","GRP_DPT_DIR","GRP_MET_DIR"
"Véronique","Souplet","OU=Users,OU=Paris,OU=Sites,OU=CORP,DC=corp,DC=priv","Corporate","Assistante","Assistante de Direction","101","+33 1 42 92 81 01","75008","Paris","55 Rue du Faubourg Saint-Honoré","Corporate User","CN=DAIGLE Jacques (jacques.daigle),OU=Users,OU=Paris,OU=Sites,OU=CORP,DC=corp,DC=priv","FR","GRP_DPT_DIR","GRP_MET_ASD"
"Marcel","DANDONNEAU","OU=Users,OU=Paris,OU=Sites,OU=CORP,DC=corp,DC=priv","Corporate","Département Juridique","Responsable Juridique","102","+33 1 42 92 81 02","75008","Paris","55 Rue du Faubourg Saint-Honoré","Corporate User","CN=DAIGLE Jacques (jacques.daigle),OU=Users,OU=Paris,OU=Sites,OU=CORP,DC=corp,DC=priv","FR","GRP_DPT_JUR","GRP_MET_REJ"
"Yvette","PARMENTIER","OU=Users,OU=Paris,OU=Sites,OU=CORP,DC=corp,DC=priv","Corporate","Département Juridique","Juriste","103","+33 1 42 92 81 03","75008","Paris","55 Rue du Faubourg Saint-Honoré","Corporate User","CN=DANDONNEAU Marcel (marcel.dandonneau),OU=Users,OU=Paris,OU=Sites,OU=CORP,DC=corp,DC=priv","FR","GRP_DPT_JUR","GRP_MET_JUR"
"Victorine","MARIER","OU=Users,OU=Paris,OU=Sites,OU=CORP,DC=corp,DC=priv","Corporate","Département Juridique","Juriste","104","+33 1 42 92 81 04","75008","Paris","55 Rue du Faubourg Saint-Honoré","Corporate User","CN=DANDONNEAU Marcel (marcel.dandonneau),OU=Users,OU=Paris,OU=Sites,OU=CORP,DC=corp,DC=priv","FR","GRP_DPT_JUR","GRP_MET_JUR"
"Marguerite","PATEL","OU=Users,OU=Paris,OU=Sites,OU=CORP,DC=corp,DC=priv","Corporate","Ressources Humaines","Responsable ressources humaines","105","+33 1 42 92 81 05","75008","Paris","55 Rue du Faubourg Saint-Honoré","Corporate User","CN=DAIGLE Jacques (jacques.daigle),OU=Users,OU=Paris,OU=Sites,OU=CORP,DC=corp,DC=priv","FR","GRP_DPT_RHS","GRP_MET_REH"
"Pierre","ECHEVERRI","OU=Users,OU=Paris,OU=Sites,OU=CORP,DC=corp,DC=priv","Corporate","Ressources Humaines","Administration du personnel et Paie","106","+33 1 42 92 81 06","75008","Paris","55 Rue du Faubourg Saint-Honoré","Corporate User","CN=PATEL Marguerite (marguerite.patel),OU=Users,OU=Paris,OU=Sites,OU=CORP,DC=corp,DC=priv","FR","GRP_DPT_RHS","GRP_MET_APP"
"Amber","COUTURIER","OU=Users,OU=Paris,OU=Sites,OU=CORP,DC=corp,DC=priv","Corporate","Ressources Humaines","Administration du personnel et Paie","106","+33 1 42 92 81 07","75008","Paris","55 Rue du Faubourg Saint-Honoré","Corporate User","CN=PATEL Marguerite (marguerite.patel),OU=Users,OU=Paris,OU=Sites,OU=CORP,DC=corp,DC=priv","FR","GRP_DPT_RHS","GRP_MET_APP"
"Christiane","MARLEAU","OU=Users,OU=Paris,OU=Sites,OU=CORP,DC=corp,DC=priv","Corporate","Ressources Humaines","Administration du personnel et Paie","106","+33 1 42 92 81 08","75008","Paris","55 Rue du Faubourg Saint-Honoré","Corporate User","CN=PATEL Marguerite (marguerite.patel),OU=Users,OU=Paris,OU=Sites,OU=CORP,DC=corp,DC=priv","FR","GRP_DPT_RHS","GRP_MET_APP"
"Nicholas","PARENTEAU","OU=Users,OU=Paris,OU=Sites,OU=CORP,DC=corp,DC=priv","Corporate","Ressources Humaines","Administration du personnel et Paie","106","+33 1 42 92 81 09","75008","Paris","55 Rue du Faubourg Saint-Honoré","Corporate User","CN=PATEL Marguerite (marguerite.patel),OU=Users,OU=Paris,OU=Sites,OU=CORP,DC=corp,DC=priv","FR","GRP_DPT_RHS","GRP_MET_APP"
"Hugues","DUPERRÉ","OU=Users,OU=Paris,OU=Sites,OU=CORP,DC=corp,DC=priv","Corporate","Département Compatble","Responsable département comptable","107","+33 1 42 92 81 10","75008","Paris","55 Rue du Faubourg Saint-Honoré","Corporate User","CN=DAIGLE Jacques (jacques.daigle),OU=Users,OU=Paris,OU=Sites,OU=CORP,DC=corp,DC=priv","FR","GRP_DPT_CPT","GRP_MET_REC"
"Romain","GRIMARD","OU=Users,OU=Paris,OU=Sites,OU=CORP,DC=corp,DC=priv","Corporate","Département Compatble","Contrôleur de Gestion","108","+33 1 42 92 81 11","75008","Paris","55 Rue du Faubourg Saint-Honoré","Corporate User","CN=DUPERRÉ Hugues (hugues.duperre),OU=Users,OU=Paris,OU=Sites,OU=CORP,DC=corp,DC=priv","FR","GRP_DPT_CPT","GRP_MET_CDG"
"Élise","ADLER","OU=Users,OU=Paris,OU=Sites,OU=CORP,DC=corp,DC=priv","Corporate","Département Compatble","Contrôleur de Gestion","108","+33 1 42 92 81 12","75008","Paris","55 Rue du Faubourg Saint-Honoré","Corporate User","CN=DUPERRÉ Hugues (hugues.duperre),OU=Users,OU=Paris,OU=Sites,OU=CORP,DC=corp,DC=priv","FR","GRP_DPT_CPT","GRP_MET_CDG"
"Fantina","LEBEL","OU=Users,OU=Paris,OU=Sites,OU=CORP,DC=corp,DC=priv","Corporate","Département Compatble","Comptable","109","+33 1 42 92 81 13","75008","Paris","55 Rue du Faubourg Saint-Honoré","Corporate User","CN=DUPERRÉ Hugues (hugues.duperre),OU=Users,OU=Paris,OU=Sites,OU=CORP,DC=corp,DC=priv","FR","GRP_DPT_CPT","GRP_MET_CPT"
"Charline","PELLERIN","OU=Users,OU=Paris,OU=Sites,OU=CORP,DC=corp,DC=priv","Corporate","Département Compatble","Comptable","109","+33 1 42 92 81 14","75008","Paris","55 Rue du Faubourg Saint-Honoré","Corporate User","CN=DUPERRÉ Hugues (hugues.duperre),OU=Users,OU=Paris,OU=Sites,OU=CORP,DC=corp,DC=priv","FR","GRP_DPT_CPT","GRP_MET_CPT"
"Patience","DURANSEAU","OU=Users,OU=Paris,OU=Sites,OU=CORP,DC=corp,DC=priv","Corporate","Département Compatble","Comptable","109","+33 1 42 92 81 15","75008","Paris","55 Rue du Faubourg Saint-Honoré","Corporate User","CN=DUPERRÉ Hugues (hugues.duperre),OU=Users,OU=Paris,OU=Sites,OU=CORP,DC=corp,DC=priv","FR","GRP_DPT_CPT","GRP_MET_CPT"
"Scoville","BOLDUC","OU=Users,OU=Paris,OU=Sites,OU=CORP,DC=corp,DC=priv","Corporate","Département Compatble","Comptable","109","+33 1 42 92 81 16","75008","Paris","55 Rue du Faubourg Saint-Honoré","Corporate User","CN=DUPERRÉ Hugues (hugues.duperre),OU=Users,OU=Paris,OU=Sites,OU=CORP,DC=corp,DC=priv","FR","GRP_DPT_CPT","GRP_MET_CPT"
"Denis","GIRARD","OU=Users,OU=Paris,OU=Sites,OU=CORP,DC=corp,DC=priv","Corporate","Développement des affaires","Responsable du développement des affaires","110","+33 1 42 92 81 17","75008","Paris","55 Rue du Faubourg Saint-Honoré","Corporate User","CN=DAIGLE Jacques (jacques.daigle),OU=Users,OU=Paris,OU=Sites,OU=CORP,DC=corp,DC=priv","FR","GRP_DPT_DEA","GRP_MET_REA"
"Antoine","PICHETTE","OU=Users,OU=Paris,OU=Sites,OU=CORP,DC=corp,DC=priv","Corporate","Développement des affaires","Commercial","111","+33 1 42 92 81 18","75008","Paris","55 Rue du Faubourg Saint-Honoré","Corporate User","CN=GIRARD Denis (denis.girard),OU=Users,OU=Paris,OU=Sites,OU=CORP,DC=corp,DC=priv","FR","GRP_DPT_DEA","GRP_MET_CML"
"Alexandre","HERVÉ","OU=Users,OU=Paris,OU=Sites,OU=CORP,DC=corp,DC=priv","Corporate","Développement des affaires","Commercial","111","+33 1 42 92 81 19","75008","Paris","55 Rue du Faubourg Saint-Honoré","Corporate User","CN=GIRARD Denis (denis.girard),OU=Users,OU=Paris,OU=Sites,OU=CORP,DC=corp,DC=priv","FR","GRP_DPT_DEA","GRP_MET_CML"
"Amabella","GLADU","OU=Users,OU=Paris,OU=Sites,OU=CORP,DC=corp,DC=priv","Corporate","Développement des affaires","Commercial","111","+33 1 42 92 81 20","75008","Paris","55 Rue du Faubourg Saint-Honoré","Corporate User","CN=GIRARD Denis (denis.girard),OU=Users,OU=Paris,OU=Sites,OU=CORP,DC=corp,DC=priv","FR","GRP_DPT_DEA","GRP_MET_CML"
"Didie","JOLY","OU=Users,OU=Paris,OU=Sites,OU=CORP,DC=corp,DC=priv","Corporate","Développement des affaires","Commercial","111","+33 1 42 92 81 21","75008","Paris","55 Rue du Faubourg Saint-Honoré","Corporate User","CN=GIRARD Denis (denis.girard),OU=Users,OU=Paris,OU=Sites,OU=CORP,DC=corp,DC=priv","FR","GRP_DPT_DEA","GRP_MET_CML"
"Pascaline","ARSENAULT","OU=Users,OU=Paris,OU=Sites,OU=CORP,DC=corp,DC=priv","Corporate","Développement des affaires","Assistante Commercial","111","+33 1 42 92 81 22","75008","Paris","55 Rue du Faubourg Saint-Honoré","Corporate User","CN=GIRARD Denis (denis.girard),OU=Users,OU=Paris,OU=Sites,OU=CORP,DC=corp,DC=priv","FR","GRP_DPT_DEA","GRP_MET_ASC"
"Jeanne","VILLENEUVE","OU=Users,OU=Paris,OU=Sites,OU=CORP,DC=corp,DC=priv","Corporate","Marketing & Communication","Responsable Marketing & Communication","112","+33 1 42 92 81 23","75008","Paris","55 Rue du Faubourg Saint-Honoré","Corporate User","CN=DAIGLE Jacques (jacques.daigle),OU=Users,OU=Paris,OU=Sites,OU=CORP,DC=corp,DC=priv","FR","GRP_DPT_MRK","GRP_MET_REM"
"Nathalie","SAUVÉ","OU=Users,OU=Paris,OU=Sites,OU=CORP,DC=corp,DC=priv","Corporate","Marketing & Communication","Chargé de communication","122","+33 1 42 92 81 24","75008","Paris","55 Rue du Faubourg Saint-Honoré","Corporate User","CN=VILLENEUVE Jeanne (jeanne.villeneuve),OU=Users,OU=Paris,OU=Sites,OU=CORP,DC=corp,DC=priv","FR","GRP_DPT_MRK","GRP_MET_CDC"
"Océane","LÉVESQUE","OU=Users,OU=Paris,OU=Sites,OU=CORP,DC=corp,DC=priv","Corporate","Marketing & Communication","Chargé de communication","122","+33 1 42 92 81 25","75008","Paris","55 Rue du Faubourg Saint-Honoré","Corporate User","CN=VILLENEUVE Jeanne (jeanne.villeneuve),OU=Users,OU=Paris,OU=Sites,OU=CORP,DC=corp,DC=priv","FR","GRP_DPT_MRK","GRP_MET_CDC"
"Sophie","ST-JACQUES","OU=Users,OU=Paris,OU=Sites,OU=CORP,DC=corp,DC=priv","Corporate","Marketing & Communication","Webmaster","122","+33 1 42 92 81 26","75008","Paris","55 Rue du Faubourg Saint-Honoré","Corporate User","CN=VILLENEUVE Jeanne (jeanne.villeneuve),OU=Users,OU=Paris,OU=Sites,OU=CORP,DC=corp,DC=priv","FR","GRP_DPT_MRK","GRP_MET_WEB"
"Maurice","CYR","OU=Users,OU=Paris,OU=Sites,OU=CORP,DC=corp,DC=priv","Corporate","Département technique","Responsable département technique","123","+33 1 42 92 81 27","75008","Paris","55 Rue du Faubourg Saint-Honoré","Corporate User","CN=DAIGLE Jacques (jacques.daigle),OU=Users,OU=Paris,OU=Sites,OU=CORP,DC=corp,DC=priv","FR","GRP_DPT_TEC","GRP_MET_RET"
"Marjolaine","PROULX","OU=Users,OU=Paris,OU=Sites,OU=CORP,DC=corp,DC=priv","Corporate","Opérationnel","Responsable Opérationnel","124","+33 1 42 92 81 28","75008","Paris","55 Rue du Faubourg Saint-Honoré","Corporate User","CN=CYR Maurice (maurice.cyr),OU=Users,OU=Paris,OU=Sites,OU=CORP,DC=corp,DC=priv","FR","GRP_DPT_OPE","GRP_MET_REO"
"Brice","PATENAUDE","OU=Users,OU=Paris,OU=Sites,OU=CORP,DC=corp,DC=priv","Corporate","Opérationnel","Technicien","125","+33 1 42 92 81 29","75008","Paris","55 Rue du Faubourg Saint-Honoré","Corporate User","CN=PROULX Marjolaine (marjolaine.proulx),OU=Users,OU=Paris,OU=Sites,OU=CORP,DC=corp,DC=priv","FR","GRP_DPT_OPE","GRP_MET_TCH"
"Eugenia","PARMENTIER","OU=Users,OU=Paris,OU=Sites,OU=CORP,DC=corp,DC=priv","Corporate","Opérationnel","Technicien","125","+33 1 42 92 81 30","75008","Paris","55 Rue du Faubourg Saint-Honoré","Corporate User","CN=PROULX Marjolaine (marjolaine.proulx),OU=Users,OU=Paris,OU=Sites,OU=CORP,DC=corp,DC=priv","FR","GRP_DPT_OPE","GRP_MET_TCH"
"Audric","COURSE","OU=Users,OU=Paris,OU=Sites,OU=CORP,DC=corp,DC=priv","Corporate","Opérationnel","Technicien","125","+33 1 42 92 81 31","75008","Paris","55 Rue du Faubourg Saint-Honoré","Corporate User","CN=PROULX Marjolaine (marjolaine.proulx),OU=Users,OU=Paris,OU=Sites,OU=CORP,DC=corp,DC=priv","FR","GRP_DPT_OPE","GRP_MET_TCH"
"Fabrice","DESNAULIERS","OU=Users,OU=Paris,OU=Sites,OU=CORP,DC=corp,DC=priv","Corporate","Opérationnel","Technicien","125","+33 1 42 92 81 32","75008","Paris","55 Rue du Faubourg Saint-Honoré","Corporate User","CN=PROULX Marjolaine (marjolaine.proulx),OU=Users,OU=Paris,OU=Sites,OU=CORP,DC=corp,DC=priv","FR","GRP_DPT_OPE","GRP_MET_TCH"
"Louis","LÉVEILLÉ","OU=Users,OU=Paris,OU=Sites,OU=CORP,DC=corp,DC=priv","Corporate","Opérationnel","Technicien","125","+33 1 42 92 81 33","75008","Paris","55 Rue du Faubourg Saint-Honoré","Corporate User","CN=PROULX Marjolaine (marjolaine.proulx),OU=Users,OU=Paris,OU=Sites,OU=CORP,DC=corp,DC=priv","FR","GRP_DPT_OPE","GRP_MET_TCH"
"Guillaume","DUPERRÉ","OU=Users,OU=Paris,OU=Sites,OU=CORP,DC=corp,DC=priv","Corporate","Opérationnel","Technicien","125","+33 1 42 92 81 34","75008","Paris","55 Rue du Faubourg Saint-Honoré","Corporate User","CN=PROULX Marjolaine (marjolaine.proulx),OU=Users,OU=Paris,OU=Sites,OU=CORP,DC=corp,DC=priv","FR","GRP_DPT_OPE","GRP_MET_TCH"
"Pierre","LEBATELIER","OU=Users,OU=Paris,OU=Sites,OU=CORP,DC=corp,DC=priv","Corporate","Opérationnel","Technicien","125","+33 1 42 92 81 35","75008","Paris","55 Rue du Faubourg Saint-Honoré","Corporate User","CN=PROULX Marjolaine (marjolaine.proulx),OU=Users,OU=Paris,OU=Sites,OU=CORP,DC=corp,DC=priv","FR","GRP_DPT_OPE","GRP_MET_TCH"
"Guerin","SAUCIER","OU=Users,OU=Paris,OU=Sites,OU=CORP,DC=corp,DC=priv","Corporate","Opérationnel","Technicien","125","+33 1 42 92 81 36","75008","Paris","55 Rue du Faubourg Saint-Honoré","Corporate User","CN=PROULX Marjolaine (marjolaine.proulx),OU=Users,OU=Paris,OU=Sites,OU=CORP,DC=corp,DC=priv","FR","GRP_DPT_OPE","GRP_MET_TCH"
"Rive","ANGELIER","OU=Users,OU=Paris,OU=Sites,OU=CORP,DC=corp,DC=priv","Corporate","Opérationnel","Administrateur Système","126","+33 1 42 92 81 37","75008","Paris","55 Rue du Faubourg Saint-Honoré","Corporate User","CN=PROULX Marjolaine (marjolaine.proulx),OU=Users,OU=Paris,OU=Sites,OU=CORP,DC=corp,DC=priv","FR","GRP_DPT_OPE","GRP_MET_ASY"
"Roslyn","ROUSSEAU","OU=Users,OU=Paris,OU=Sites,OU=CORP,DC=corp,DC=priv","Corporate","Opérationnel","Administrateur Système","126","+33 1 42 92 81 38","75008","Paris","55 Rue du Faubourg Saint-Honoré","Corporate User","CN=PROULX Marjolaine (marjolaine.proulx),OU=Users,OU=Paris,OU=Sites,OU=CORP,DC=corp,DC=priv","FR","GRP_DPT_OPE","GRP_MET_ASY"
"Audric","DE LA VERGNE","OU=Users,OU=Paris,OU=Sites,OU=CORP,DC=corp,DC=priv","Corporate","Opérationnel","Administrateur Système","126","+33 1 42 92 81 39","75008","Paris","55 Rue du Faubourg Saint-Honoré","Corporate User","CN=PROULX Marjolaine (marjolaine.proulx),OU=Users,OU=Paris,OU=Sites,OU=CORP,DC=corp,DC=priv","FR","GRP_DPT_OPE","GRP_MET_ASY"
"Sylvie","DOSTIE","OU=Users,OU=Paris,OU=Sites,OU=CORP,DC=corp,DC=priv","Corporate","Opérationnel","Administrateur Système","126","+33 1 42 92 81 40","75008","Paris","55 Rue du Faubourg Saint-Honoré","Corporate User","CN=PROULX Marjolaine (marjolaine.proulx),OU=Users,OU=Paris,OU=Sites,OU=CORP,DC=corp,DC=priv","FR","GRP_DPT_OPE","GRP_MET_ASY"
"Daniel","BELLEMARE","OU=Users,OU=Paris,OU=Sites,OU=CORP,DC=corp,DC=priv","Corporate","Opérationnel","Administrateur Système","126","+33 1 42 92 81 41","75008","Paris","55 Rue du Faubourg Saint-Honoré","Corporate User","CN=PROULX Marjolaine (marjolaine.proulx),OU=Users,OU=Paris,OU=Sites,OU=CORP,DC=corp,DC=priv","FR","GRP_DPT_OPE","GRP_MET_ASY"
"Thomas","CHATIGNY","OU=Users,OU=Paris,OU=Sites,OU=CORP,DC=corp,DC=priv","Corporate","Opérationnel","Administrateur Système","126","+33 1 42 92 81 42","75008","Paris","55 Rue du Faubourg Saint-Honoré","Corporate User","CN=PROULX Marjolaine (marjolaine.proulx),OU=Users,OU=Paris,OU=Sites,OU=CORP,DC=corp,DC=priv","FR","GRP_DPT_OPE","GRP_MET_ASY"
"Patrick","DESPINS","OU=Users,OU=Paris,OU=Sites,OU=CORP,DC=corp,DC=priv","Corporate","Opérationnel","Administrateur Système","126","+33 1 42 92 81 43","75008","Paris","55 Rue du Faubourg Saint-Honoré","Corporate User","CN=PROULX Marjolaine (marjolaine.proulx),OU=Users,OU=Paris,OU=Sites,OU=CORP,DC=corp,DC=priv","FR","GRP_DPT_OPE","GRP_MET_ASY"
"Julien","ROCHELEAU","OU=Users,OU=Paris,OU=Sites,OU=CORP,DC=corp,DC=priv","Corporate","Opérationnel","Administrateur Système","126","+33 1 42 92 81 44","75008","Paris","55 Rue du Faubourg Saint-Honoré","Corporate User","CN=PROULX Marjolaine (marjolaine.proulx),OU=Users,OU=Paris,OU=Sites,OU=CORP,DC=corp,DC=priv","FR","GRP_DPT_OPE","GRP_MET_ASY"
"Evrard","DEGRASSE","OU=Users,OU=Paris,OU=Sites,OU=CORP,DC=corp,DC=priv","Corporate","Opérationnel","Administrateur Réseaux","127","+33 1 42 92 81 45","75008","Paris","55 Rue du Faubourg Saint-Honoré","Corporate User","CN=PROULX Marjolaine (marjolaine.proulx),OU=Users,OU=Paris,OU=Sites,OU=CORP,DC=corp,DC=priv","FR","GRP_DPT_OPE","GRP_MET_ARX"
"Ignace","VERONNEAU","OU=Users,OU=Paris,OU=Sites,OU=CORP,DC=corp,DC=priv","Corporate","Opérationnel","Administrateur Réseaux","127","+33 1 42 92 81 46","75008","Paris","55 Rue du Faubourg Saint-Honoré","Corporate User","CN=PROULX Marjolaine (marjolaine.proulx),OU=Users,OU=Paris,OU=Sites,OU=CORP,DC=corp,DC=priv","FR","GRP_DPT_OPE","GRP_MET_ARX"
"Aubine","LAUZIER","OU=Users,OU=Paris,OU=Sites,OU=CORP,DC=corp,DC=priv","Corporate","Opérationnel","Administrateur Réseaux","127","+33 1 42 92 81 47","75008","Paris","55 Rue du Faubourg Saint-Honoré","Corporate User","CN=PROULX Marjolaine (marjolaine.proulx),OU=Users,OU=Paris,OU=Sites,OU=CORP,DC=corp,DC=priv","FR","GRP_DPT_OPE","GRP_MET_ARX"
"Rule","TOLLMACHE","OU=Users,OU=Paris,OU=Sites,OU=CORP,DC=corp,DC=priv","Corporate","Opérationnel","Administrateur Réseaux","127","+33 1 42 92 81 48","75008","Paris","55 Rue du Faubourg Saint-Honoré","Corporate User","CN=PROULX Marjolaine (marjolaine.proulx),OU=Users,OU=Paris,OU=Sites,OU=CORP,DC=corp,DC=priv","FR","GRP_DPT_OPE","GRP_MET_ARX"
"Valiant","BERTRAND","OU=Users,OU=Paris,OU=Sites,OU=CORP,DC=corp,DC=priv","Corporate","Opérationnel","Administrateur Base de données","128","+33 1 42 92 81 49","75008","Paris","55 Rue du Faubourg Saint-Honoré","Corporate User","CN=PROULX Marjolaine (marjolaine.proulx),OU=Users,OU=Paris,OU=Sites,OU=CORP,DC=corp,DC=priv","FR","GRP_DPT_OPE","GRP_MET_ABD"
"Frédéric","PLAISANCE","OU=Users,OU=Paris,OU=Sites,OU=CORP,DC=corp,DC=priv","Corporate","Opérationnel","Administrateur Base de données","128","+33 1 42 92 81 50","75008","Paris","55 Rue du Faubourg Saint-Honoré","Corporate User","CN=PROULX Marjolaine (marjolaine.proulx),OU=Users,OU=Paris,OU=Sites,OU=CORP,DC=corp,DC=priv","FR","GRP_DPT_OPE","GRP_MET_ABD"
"Gauthier","DENIGER","OU=Users,OU=Paris,OU=Sites,OU=CORP,DC=corp,DC=priv","Corporate","Bureau d’étude","Responsable Bureau d’étude","124","+33 1 42 92 81 51","75008","Paris","55 Rue du Faubourg Saint-Honoré","Corporate User","CN=CYR Maurice (maurice.cyr),OU=Users,OU=Paris,OU=Sites,OU=CORP,DC=corp,DC=priv","FR","GRP_DPT_BUE","GRP_MET_REB"
"Laurent","FRANCOEUR","OU=Users,OU=Paris,OU=Sites,OU=CORP,DC=corp,DC=priv","Corporate","Bureau d’étude","Chef de Projet","129","+33 1 42 92 81 52","75008","Paris","55 Rue du Faubourg Saint-Honoré","Corporate User","CN=DENIGER Gauthier (gauthier.deniger),OU=Users,OU=Paris,OU=Sites,OU=CORP,DC=corp,DC=priv","FR","GRP_DPT_BUE","GRP_MET_CHP"
"Patience","PARISEAU","OU=Users,OU=Paris,OU=Sites,OU=CORP,DC=corp,DC=priv","Corporate","Bureau d’étude","Chef de Projet","129","+33 1 42 92 81 53","75008","Paris","55 Rue du Faubourg Saint-Honoré","Corporate User","CN=DENIGER Gauthier (gauthier.deniger),OU=Users,OU=Paris,OU=Sites,OU=CORP,DC=corp,DC=priv","FR","GRP_DPT_BUE","GRP_MET_CHP"
"Josephe","COURTE","OU=Users,OU=Paris,OU=Sites,OU=CORP,DC=corp,DC=priv","Corporate","Bureau d’étude","Architecte Base de données","130","+33 1 42 92 81 54","75008","Paris","55 Rue du Faubourg Saint-Honoré","Corporate User","CN=DENIGER Gauthier (gauthier.deniger),OU=Users,OU=Paris,OU=Sites,OU=CORP,DC=corp,DC=priv","FR","GRP_DPT_BUE","GRP_MET_CBD"
"Pryo","DUMOULIN","OU=Users,OU=Paris,OU=Sites,OU=CORP,DC=corp,DC=priv","Corporate","Bureau d’étude","Architecte Base de données","130","+33 1 42 92 81 55","75008","Paris","55 Rue du Faubourg Saint-Honoré","Corporate User","CN=DENIGER Gauthier (gauthier.deniger),OU=Users,OU=Paris,OU=Sites,OU=CORP,DC=corp,DC=priv","FR","GRP_DPT_BUE","GRP_MET_CBD"
"Serge","BOURASSA","OU=Users,OU=Paris,OU=Sites,OU=CORP,DC=corp,DC=priv","Corporate","Bureau d’étude","Architecte Base de données","130","+33 1 42 92 81 56","75008","Paris","55 Rue du Faubourg Saint-Honoré","Corporate User","CN=DENIGER Gauthier (gauthier.deniger),OU=Users,OU=Paris,OU=Sites,OU=CORP,DC=corp,DC=priv","FR","GRP_DPT_BUE","GRP_MET_CBD"
"Vaden","BERNIER","OU=Users,OU=Paris,OU=Sites,OU=CORP,DC=corp,DC=priv","Corporate","Bureau d’étude","Architecte Base de données","130","+33 1 42 92 81 57","75008","Paris","55 Rue du Faubourg Saint-Honoré","Corporate User","CN=DENIGER Gauthier (gauthier.deniger),OU=Users,OU=Paris,OU=Sites,OU=CORP,DC=corp,DC=priv","FR","GRP_DPT_BUE","GRP_MET_CBD"
"Agathe","VIENS","OU=Users,OU=Paris,OU=Sites,OU=CORP,DC=corp,DC=priv","Corporate","Bureau d’étude","Architecte Réseaux","131","+33 1 42 92 81 58","75008","Paris","55 Rue du Faubourg Saint-Honoré","Corporate User","CN=DENIGER Gauthier (gauthier.deniger),OU=Users,OU=Paris,OU=Sites,OU=CORP,DC=corp,DC=priv","FR","GRP_DPT_BUE","GRP_MET_CRX"
"Mathilde","LABONTÉ","OU=Users,OU=Paris,OU=Sites,OU=CORP,DC=corp,DC=priv","Corporate","Bureau d’étude","Architecte Réseaux","131","+33 1 42 92 81 59","75008","Paris","55 Rue du Faubourg Saint-Honoré","Corporate User","CN=DENIGER Gauthier (gauthier.deniger),OU=Users,OU=Paris,OU=Sites,OU=CORP,DC=corp,DC=priv","FR","GRP_DPT_BUE","GRP_MET_CRX"
"Varden","PARADIS","OU=Users,OU=Paris,OU=Sites,OU=CORP,DC=corp,DC=priv","Corporate","Bureau d’étude","Architecte Réseaux","131","+33 1 42 92 81 60","75008","Paris","55 Rue du Faubourg Saint-Honoré","Corporate User","CN=DENIGER Gauthier (gauthier.deniger),OU=Users,OU=Paris,OU=Sites,OU=CORP,DC=corp,DC=priv","FR","GRP_DPT_BUE","GRP_MET_CRX"
"Sidney","GRIGNON","OU=Users,OU=Paris,OU=Sites,OU=CORP,DC=corp,DC=priv","Corporate","Bureau d’étude","Architecte Réseaux","131","+33 1 42 92 81 61","75008","Paris","55 Rue du Faubourg Saint-Honoré","Corporate User","CN=DENIGER Gauthier (gauthier.deniger),OU=Users,OU=Paris,OU=Sites,OU=CORP,DC=corp,DC=priv","FR","GRP_DPT_BUE","GRP_MET_CRX"
"Marlon","PAGUETTE","OU=Users,OU=Paris,OU=Sites,OU=CORP,DC=corp,DC=priv","Corporate","Bureau d’étude","Architecte Réseaux","131","+33 1 42 92 81 62","75008","Paris","55 Rue du Faubourg Saint-Honoré","Corporate User","CN=DENIGER Gauthier (gauthier.deniger),OU=Users,OU=Paris,OU=Sites,OU=CORP,DC=corp,DC=priv","FR","GRP_DPT_BUE","GRP_MET_CRX"
"Dominic","VADNAIS","OU=Users,OU=Paris,OU=Sites,OU=CORP,DC=corp,DC=priv","Corporate","Bureau d’étude","Architecte Réseaux","131","+33 1 42 92 81 63","75008","Paris","55 Rue du Faubourg Saint-Honoré","Corporate User","CN=DENIGER Gauthier (gauthier.deniger),OU=Users,OU=Paris,OU=Sites,OU=CORP,DC=corp,DC=priv","FR","GRP_DPT_BUE","GRP_MET_CRX"
"Royce","AILLEBOUST","OU=Users,OU=Paris,OU=Sites,OU=CORP,DC=corp,DC=priv","Corporate","Bureau d’étude","Architecte Système","132","+33 1 42 92 81 64","75008","Paris","55 Rue du Faubourg Saint-Honoré","Corporate User","CN=DENIGER Gauthier (gauthier.deniger),OU=Users,OU=Paris,OU=Sites,OU=CORP,DC=corp,DC=priv","FR","GRP_DPT_BUE","GRP_MET_CSY"
"Valiant","VOISINE","OU=Users,OU=Paris,OU=Sites,OU=CORP,DC=corp,DC=priv","Corporate","Bureau d’étude","Architecte Système","132","+33 1 42 92 81 65","75008","Paris","55 Rue du Faubourg Saint-Honoré","Corporate User","CN=DENIGER Gauthier (gauthier.deniger),OU=Users,OU=Paris,OU=Sites,OU=CORP,DC=corp,DC=priv","FR","GRP_DPT_BUE","GRP_MET_CSY"
"Marcelle","LOISELLE","OU=Users,OU=Paris,OU=Sites,OU=CORP,DC=corp,DC=priv","Corporate","Bureau d’étude","Architecte Système","132","+33 1 42 92 81 66","75008","Paris","55 Rue du Faubourg Saint-Honoré","Corporate User","CN=DENIGER Gauthier (gauthier.deniger),OU=Users,OU=Paris,OU=Sites,OU=CORP,DC=corp,DC=priv","FR","GRP_DPT_BUE","GRP_MET_CSY"
"Tyson","DE LA RONDE","OU=Users,OU=Paris,OU=Sites,OU=CORP,DC=corp,DC=priv","Corporate","Bureau d’étude","Architecte Système","132","+33 1 42 92 81 67","75008","Paris","55 Rue du Faubourg Saint-Honoré","Corporate User","CN=DENIGER Gauthier (gauthier.deniger),OU=Users,OU=Paris,OU=Sites,OU=CORP,DC=corp,DC=priv","FR","GRP_DPT_BUE","GRP_MET_CSY"
"Élise","BONCOEUR","OU=Users,OU=Paris,OU=Sites,OU=CORP,DC=corp,DC=priv","Corporate","Bureau d’étude","Architecte Système","132","+33 1 42 92 81 68","75008","Paris","55 Rue du Faubourg Saint-Honoré","Corporate User","CN=DENIGER Gauthier (gauthier.deniger),OU=Users,OU=Paris,OU=Sites,OU=CORP,DC=corp,DC=priv","FR","GRP_DPT_BUE","GRP_MET_CSY"
"Hugh","CARTIER","OU=Users,OU=Paris,OU=Sites,OU=CORP,DC=corp,DC=priv","Corporate","Bureau d’étude","Architecte Système","132","+33 1 42 92 81 69","75008","Paris","55 Rue du Faubourg Saint-Honoré","Corporate User","CN=DENIGER Gauthier (gauthier.deniger),OU=Users,OU=Paris,OU=Sites,OU=CORP,DC=corp,DC=priv","FR","GRP_DPT_BUE","GRP_MET_CSY"
"Vivienne","DEGRASSE","OU=Users,OU=Paris,OU=Sites,OU=CORP,DC=corp,DC=priv","Corporate","Bureau d’étude","Architecte Système","132","+33 1 42 92 81 70","75008","Paris","55 Rue du Faubourg Saint-Honoré","Corporate User","CN=DENIGER Gauthier (gauthier.deniger),OU=Users,OU=Paris,OU=Sites,OU=CORP,DC=corp,DC=priv","FR","GRP_DPT_BUE","GRP_MET_CSY"
"Alain","GAULIN","OU=Users,OU=Paris,OU=Sites,OU=CORP,DC=corp,DC=priv","Corporate","Bureau d’étude","Architecte Système","132","+33 1 42 92 81 71","75008","Paris","55 Rue du Faubourg Saint-Honoré","Corporate User","CN=DENIGER Gauthier (gauthier.deniger),OU=Users,OU=Paris,OU=Sites,OU=CORP,DC=corp,DC=priv","FR","GRP_DPT_BUE","GRP_MET_CSY"
"Henry","CHARBONNEAU","OU=Users,OU=Paris,OU=Sites,OU=CORP,DC=corp,DC=priv","Corporate","Bureau d’étude","Architecte Système","132","+33 1 42 92 81 72","75008","Paris","55 Rue du Faubourg Saint-Honoré","Corporate User","CN=DENIGER Gauthier (gauthier.deniger),OU=Users,OU=Paris,OU=Sites,OU=CORP,DC=corp,DC=priv","FR","GRP_DPT_BUE","GRP_MET_CSY"
"Armand","BEGIN","OU=Users,OU=Paris,OU=Sites,OU=CORP,DC=corp,DC=priv","Corporate","Bureau d’étude","Officier de sécurité","133","+33 1 42 92 81 73","75008","Paris","55 Rue du Faubourg Saint-Honoré","Corporate User","CN=DENIGER Gauthier (gauthier.deniger),OU=Users,OU=Paris,OU=Sites,OU=CORP,DC=corp,DC=priv","FR","GRP_DPT_BUE","GRP_MET_OFS"
"Raoul","GRANDPRÉ","OU=Users,OU=Paris,OU=Sites,OU=CORP,DC=corp,DC=priv","Corporate","Bureau d’étude","Officier de sécurité","133","+33 1 42 92 81 74","75008","Paris","55 Rue du Faubourg Saint-Honoré","Corporate User","CN=DENIGER Gauthier (gauthier.deniger),OU=Users,OU=Paris,OU=Sites,OU=CORP,DC=corp,DC=priv","FR","GRP_DPT_BUE","GRP_MET_OFS"

